"STATION","NAME","LATITUDE","LONGITUDE","ELEVATION","DATE","DAPR","MDPR","PRCP","SNOW","SNWD"
"US1KYWR0034","BOWLING GREEN 0.7 WSW, KY US","36.969388","-86.452599","153.0","2022-08-02",,,"0.06",,
"US1KYWR0034","BOWLING GREEN 0.7 WSW, KY US","36.969388","-86.452599","153.0","2022-08-03",,,"0.00","0.0",
"US1KYWR0034","BOWLING GREEN 0.7 WSW, KY US","36.969388","-86.452599","153.0","2022-08-04",,,"0.00","0.0",
"US1KYWR0034","BOWLING GREEN 0.7 WSW, KY US","36.969388","-86.452599","153.0","2022-08-05",,,"0.00",,
"US1KYWR0034","BOWLING GREEN 0.7 WSW, KY US","36.969388","-86.452599","153.0","2022-08-06",,,"0.30",,
"US1KYWR0034","BOWLING GREEN 0.7 WSW, KY US","36.969388","-86.452599","153.0","2022-08-07",,,"0.20",,
"US1KYWR0034","BOWLING GREEN 0.7 WSW, KY US","36.969388","-86.452599","153.0","2022-08-08",,,"0.00",,
"US1KYWR0034","BOWLING GREEN 0.7 WSW, KY US","36.969388","-86.452599","153.0","2022-08-09",,,"0.00","0.0",
"US1KYWR0034","BOWLING GREEN 0.7 WSW, KY US","36.969388","-86.452599","153.0","2022-08-10",,,"0.00",,
"US1KYWR0034","BOWLING GREEN 0.7 WSW, KY US","36.969388","-86.452599","153.0","2022-08-11",,,"0.04",,
"US1KYWR0034","BOWLING GREEN 0.7 WSW, KY US","36.969388","-86.452599","153.0","2022-08-12",,,"0.00","0.0",
"US1KYWR0034","BOWLING GREEN 0.7 WSW, KY US","36.969388","-86.452599","153.0","2022-08-13",,,"0.00","0.0",
"US1KYWR0034","BOWLING GREEN 0.7 WSW, KY US","36.969388","-86.452599","153.0","2022-08-14",,,"0.00","0.0",
"US1KYWR0034","BOWLING GREEN 0.7 WSW, KY US","36.969388","-86.452599","153.0","2022-08-15",,,"0.00","0.0",
"US1KYWR0034","BOWLING GREEN 0.7 WSW, KY US","36.969388","-86.452599","153.0","2022-08-16",,,"0.00","0.0",
"US1KYWR0034","BOWLING GREEN 0.7 WSW, KY US","36.969388","-86.452599","153.0","2022-08-17",,,"0.00","0.0",
"US1KYWR0034","BOWLING GREEN 0.7 WSW, KY US","36.969388","-86.452599","153.0","2022-08-18",,,"0.00","0.0",
"US1KYWR0034","BOWLING GREEN 0.7 WSW, KY US","36.969388","-86.452599","153.0","2022-08-19",,,"0.00","0.0",
"US1KYWR0034","BOWLING GREEN 0.7 WSW, KY US","36.969388","-86.452599","153.0","2022-08-20",,,"0.00","0.0",
"US1KYWR0034","BOWLING GREEN 0.7 WSW, KY US","36.969388","-86.452599","153.0","2022-08-21",,,"0.01",,
"US1KYWR0034","BOWLING GREEN 0.7 WSW, KY US","36.969388","-86.452599","153.0","2022-08-22",,,"0.00",,
"US1KYWR0034","BOWLING GREEN 0.7 WSW, KY US","36.969388","-86.452599","153.0","2022-08-23",,,"0.00","0.0",
"US1KYWR0034","BOWLING GREEN 0.7 WSW, KY US","36.969388","-86.452599","153.0","2022-08-24",,,"0.00","0.0",
"US1KYWR0034","BOWLING GREEN 0.7 WSW, KY US","36.969388","-86.452599","153.0","2022-08-25",,,"0.00","0.0",
"US1KYWR0034","BOWLING GREEN 0.7 WSW, KY US","36.969388","-86.452599","153.0","2022-08-26",,,"0.00","0.0",
"US1KYWR0034","BOWLING GREEN 0.7 WSW, KY US","36.969388","-86.452599","153.0","2022-08-27",,,"0.00","0.0",
"US1KYWR0034","BOWLING GREEN 0.7 WSW, KY US","36.969388","-86.452599","153.0","2022-08-28",,,"0.00","0.0",
"US1KYWR0034","BOWLING GREEN 0.7 WSW, KY US","36.969388","-86.452599","153.0","2022-08-29",,,"0.00","0.0",
"US1KYWR0034","BOWLING GREEN 0.7 WSW, KY US","36.969388","-86.452599","153.0","2022-08-30",,,"0.39",,
"US1KYWR0034","BOWLING GREEN 0.7 WSW, KY US","36.969388","-86.452599","153.0","2022-08-31",,,"0.00","0.0",
"US1KYWR0034","BOWLING GREEN 0.7 WSW, KY US","36.969388","-86.452599","153.0","2022-09-01",,,"0.00","0.0",
"US1KYWR0034","BOWLING GREEN 0.7 WSW, KY US","36.969388","-86.452599","153.0","2022-09-02",,,"0.00","0.0",
"US1KYWR0034","BOWLING GREEN 0.7 WSW, KY US","36.969388","-86.452599","153.0","2022-09-05","    3","0.96",,,
"US1KYWR0034","BOWLING GREEN 0.7 WSW, KY US","36.969388","-86.452599","153.0","2022-09-06",,,"0.00","0.0",
"US1KYWR0034","BOWLING GREEN 0.7 WSW, KY US","36.969388","-86.452599","153.0","2022-09-07",,,"0.00","0.0",
"US1KYWR0034","BOWLING GREEN 0.7 WSW, KY US","36.969388","-86.452599","153.0","2022-09-08",,,"0.00","0.0",
"US1KYWR0034","BOWLING GREEN 0.7 WSW, KY US","36.969388","-86.452599","153.0","2022-09-09",,,"0.00","0.0",
"US1KYWR0034","BOWLING GREEN 0.7 WSW, KY US","36.969388","-86.452599","153.0","2022-09-10",,,"0.00","0.0",
"US1KYWR0034","BOWLING GREEN 0.7 WSW, KY US","36.969388","-86.452599","153.0","2022-09-11",,,"0.01",,
"US1KYWR0034","BOWLING GREEN 0.7 WSW, KY US","36.969388","-86.452599","153.0","2022-09-12",,,"1.12",,
"US1KYWR0034","BOWLING GREEN 0.7 WSW, KY US","36.969388","-86.452599","153.0","2022-09-13",,,"0.00","0.0",
"US1KYWR0034","BOWLING GREEN 0.7 WSW, KY US","36.969388","-86.452599","153.0","2022-09-14",,,"0.00","0.0",
"US1KYWR0034","BOWLING GREEN 0.7 WSW, KY US","36.969388","-86.452599","153.0","2022-09-15",,,"0.00","0.0",
"US1KYWR0034","BOWLING GREEN 0.7 WSW, KY US","36.969388","-86.452599","153.0","2022-09-16",,,"0.00","0.0",
"US1KYWR0034","BOWLING GREEN 0.7 WSW, KY US","36.969388","-86.452599","153.0","2022-09-17",,,"0.00","0.0",
"US1KYWR0034","BOWLING GREEN 0.7 WSW, KY US","36.969388","-86.452599","153.0","2022-09-18",,,"0.00","0.0",
"US1KYWR0034","BOWLING GREEN 0.7 WSW, KY US","36.969388","-86.452599","153.0","2022-09-19",,,"0.00","0.0",
"US1KYWR0034","BOWLING GREEN 0.7 WSW, KY US","36.969388","-86.452599","153.0","2022-09-20",,,"0.04",,
"US1KYWR0034","BOWLING GREEN 0.7 WSW, KY US","36.969388","-86.452599","153.0","2022-09-21",,,"0.00","0.0",
"US1KYWR0034","BOWLING GREEN 0.7 WSW, KY US","36.969388","-86.452599","153.0","2022-09-22",,,"0.00","0.0",
"US1KYWR0034","BOWLING GREEN 0.7 WSW, KY US","36.969388","-86.452599","153.0","2022-09-23",,,"0.00","0.0",
"US1KYWR0034","BOWLING GREEN 0.7 WSW, KY US","36.969388","-86.452599","153.0","2022-09-24",,,"0.00","0.0",
"US1KYWR0034","BOWLING GREEN 0.7 WSW, KY US","36.969388","-86.452599","153.0","2022-09-25",,,"0.02",,
"US1KYWR0034","BOWLING GREEN 0.7 WSW, KY US","36.969388","-86.452599","153.0","2022-09-26",,,"0.00","0.0",
"US1KYWR0034","BOWLING GREEN 0.7 WSW, KY US","36.969388","-86.452599","153.0","2022-09-27",,,"0.00","0.0",
"US1KYWR0034","BOWLING GREEN 0.7 WSW, KY US","36.969388","-86.452599","153.0","2022-09-28",,,"0.00","0.0",
"US1KYWR0034","BOWLING GREEN 0.7 WSW, KY US","36.969388","-86.452599","153.0","2022-09-29",,,"0.00","0.0",
"US1KYWR0034","BOWLING GREEN 0.7 WSW, KY US","36.969388","-86.452599","153.0","2022-09-30",,,"0.00","0.0",
"US1KYWR0034","BOWLING GREEN 0.7 WSW, KY US","36.969388","-86.452599","153.0","2022-10-01",,,"0.00","0.0",
"US1KYWR0034","BOWLING GREEN 0.7 WSW, KY US","36.969388","-86.452599","153.0","2022-10-02",,,"0.00","0.0",
"US1KYWR0034","BOWLING GREEN 0.7 WSW, KY US","36.969388","-86.452599","153.0","2022-10-03",,,"0.00","0.0",
"US1KYWR0034","BOWLING GREEN 0.7 WSW, KY US","36.969388","-86.452599","153.0","2022-10-04",,,"0.00","0.0",
"US1KYWR0034","BOWLING GREEN 0.7 WSW, KY US","36.969388","-86.452599","153.0","2022-10-05",,,"0.00","0.0",
"US1KYWR0034","BOWLING GREEN 0.7 WSW, KY US","36.969388","-86.452599","153.0","2022-10-06",,,"0.00","0.0",
"US1KYWR0034","BOWLING GREEN 0.7 WSW, KY US","36.969388","-86.452599","153.0","2022-10-07",,,"0.00","0.0",
"US1KYWR0034","BOWLING GREEN 0.7 WSW, KY US","36.969388","-86.452599","153.0","2022-10-08",,,"0.00","0.0",
"US1KYWR0034","BOWLING GREEN 0.7 WSW, KY US","36.969388","-86.452599","153.0","2022-10-09",,,"0.00","0.0",
"US1KYWR0034","BOWLING GREEN 0.7 WSW, KY US","36.969388","-86.452599","153.0","2022-10-10",,,"0.00","0.0",
"US1KYWR0034","BOWLING GREEN 0.7 WSW, KY US","36.969388","-86.452599","153.0","2022-10-11",,,"0.00","0.0",
"US1KYWR0034","BOWLING GREEN 0.7 WSW, KY US","36.969388","-86.452599","153.0","2022-10-12",,,"0.00","0.0",
"US1KYWR0034","BOWLING GREEN 0.7 WSW, KY US","36.969388","-86.452599","153.0","2022-10-13",,,"0.22",,
"US1KYWR0034","BOWLING GREEN 0.7 WSW, KY US","36.969388","-86.452599","153.0","2022-10-14",,,"0.00","0.0",
"US1KYWR0034","BOWLING GREEN 0.7 WSW, KY US","36.969388","-86.452599","153.0","2022-10-15",,,"0.00","0.0",
"US1KYWR0034","BOWLING GREEN 0.7 WSW, KY US","36.969388","-86.452599","153.0","2022-10-16",,,"0.00","0.0",
"US1KYWR0034","BOWLING GREEN 0.7 WSW, KY US","36.969388","-86.452599","153.0","2022-10-17",,,"0.01",,
"US1KYWR0034","BOWLING GREEN 0.7 WSW, KY US","36.969388","-86.452599","153.0","2022-10-18",,,"0.00","0.0",
"US1KYWR0034","BOWLING GREEN 0.7 WSW, KY US","36.969388","-86.452599","153.0","2022-10-19",,,"0.00","0.0",
"US1KYWR0034","BOWLING GREEN 0.7 WSW, KY US","36.969388","-86.452599","153.0","2022-10-20",,,"0.00","0.0",
"US1KYWR0034","BOWLING GREEN 0.7 WSW, KY US","36.969388","-86.452599","153.0","2022-10-21",,,"0.00","0.0",
"US1KYWR0034","BOWLING GREEN 0.7 WSW, KY US","36.969388","-86.452599","153.0","2022-10-22",,,"0.00","0.0",
"US1KYWR0034","BOWLING GREEN 0.7 WSW, KY US","36.969388","-86.452599","153.0","2022-10-23",,,"0.00","0.0",
"US1KYWR0034","BOWLING GREEN 0.7 WSW, KY US","36.969388","-86.452599","153.0","2022-10-24",,,"0.00","0.0",
"US1KYWR0034","BOWLING GREEN 0.7 WSW, KY US","36.969388","-86.452599","153.0","2022-10-25",,,"0.00","0.0",
"US1KYWR0034","BOWLING GREEN 0.7 WSW, KY US","36.969388","-86.452599","153.0","2022-10-26",,,"0.57",,
"US1KYWR0034","BOWLING GREEN 0.7 WSW, KY US","36.969388","-86.452599","153.0","2022-10-27",,,"0.00","0.0",
"US1KYWR0034","BOWLING GREEN 0.7 WSW, KY US","36.969388","-86.452599","153.0","2022-10-28",,,"0.00","0.0",
"US1KYWR0034","BOWLING GREEN 0.7 WSW, KY US","36.969388","-86.452599","153.0","2022-10-29",,,"0.00","0.0",
"US1KYWR0034","BOWLING GREEN 0.7 WSW, KY US","36.969388","-86.452599","153.0","2022-10-30",,,"0.23",,
"US1KYWR0034","BOWLING GREEN 0.7 WSW, KY US","36.969388","-86.452599","153.0","2022-10-31",,,"0.23",,
"US1KYWR0034","BOWLING GREEN 0.7 WSW, KY US","36.969388","-86.452599","153.0","2022-11-01",,,"0.00",,
"US1KYWR0034","BOWLING GREEN 0.7 WSW, KY US","36.969388","-86.452599","153.0","2022-11-02",,,"0.00","0.0",
"US1KYWR0034","BOWLING GREEN 0.7 WSW, KY US","36.969388","-86.452599","153.0","2022-11-03",,,"0.00",,
"US1KYWR0034","BOWLING GREEN 0.7 WSW, KY US","36.969388","-86.452599","153.0","2022-11-04",,,"0.00","0.0",
"US1KYWR0034","BOWLING GREEN 0.7 WSW, KY US","36.969388","-86.452599","153.0","2022-11-05",,,"0.00","0.0",
"US1KYWR0034","BOWLING GREEN 0.7 WSW, KY US","36.969388","-86.452599","153.0","2022-11-06",,,"0.12",,
"US1KYWR0034","BOWLING GREEN 0.7 WSW, KY US","36.969388","-86.452599","153.0","2022-11-07",,,"0.00","0.0",
"US1KYWR0034","BOWLING GREEN 0.7 WSW, KY US","36.969388","-86.452599","153.0","2022-11-08",,,"0.00","0.0",
"US1KYWR0034","BOWLING GREEN 0.7 WSW, KY US","36.969388","-86.452599","153.0","2022-11-09",,,"0.00","0.0",
"US1KYWR0034","BOWLING GREEN 0.7 WSW, KY US","36.969388","-86.452599","153.0","2022-11-10",,,"0.00","0.0",
"US1KYWR0034","BOWLING GREEN 0.7 WSW, KY US","36.969388","-86.452599","153.0","2022-11-11",,,"0.72",,
"US1KYWR0034","BOWLING GREEN 0.7 WSW, KY US","36.969388","-86.452599","153.0","2022-11-12",,,"0.49",,"0.0"
"US1KYWR0034","BOWLING GREEN 0.7 WSW, KY US","36.969388","-86.452599","153.0","2022-11-13",,,"0.00","0.0","0.0"
"US1KYWR0034","BOWLING GREEN 0.7 WSW, KY US","36.969388","-86.452599","153.0","2022-11-14",,,"0.00","0.0",
"US1KYWR0034","BOWLING GREEN 0.7 WSW, KY US","36.969388","-86.452599","153.0","2022-11-15",,,"0.08",,
"US1KYWR0034","BOWLING GREEN 0.7 WSW, KY US","36.969388","-86.452599","153.0","2022-11-16",,,"0.01",,
"US1KYWR0034","BOWLING GREEN 0.7 WSW, KY US","36.969388","-86.452599","153.0","2022-11-17",,,"0.00","0.0",
"US1KYWR0034","BOWLING GREEN 0.7 WSW, KY US","36.969388","-86.452599","153.0","2022-11-18",,,"0.00","0.0",
"US1KYWR0034","BOWLING GREEN 0.7 WSW, KY US","36.969388","-86.452599","153.0","2022-11-19",,,"0.00","0.0",
"US1KYWR0034","BOWLING GREEN 0.7 WSW, KY US","36.969388","-86.452599","153.0","2022-11-20",,,"0.00","0.0",
"US1KYWR0034","BOWLING GREEN 0.7 WSW, KY US","36.969388","-86.452599","153.0","2022-11-21",,,"0.00","0.0",
"US1KYWR0034","BOWLING GREEN 0.7 WSW, KY US","36.969388","-86.452599","153.0","2022-11-22",,,"0.00","0.0",
"US1KYWR0034","BOWLING GREEN 0.7 WSW, KY US","36.969388","-86.452599","153.0","2022-11-23",,,"0.00","0.0",
"US1KYWR0034","BOWLING GREEN 0.7 WSW, KY US","36.969388","-86.452599","153.0","2022-11-24",,,"0.00","0.0",
"US1KYWR0034","BOWLING GREEN 0.7 WSW, KY US","36.969388","-86.452599","153.0","2022-11-25",,,"0.00",,
"US1KYWR0034","BOWLING GREEN 0.7 WSW, KY US","36.969388","-86.452599","153.0","2022-11-26",,,"0.00","0.0",
"US1KYWR0034","BOWLING GREEN 0.7 WSW, KY US","36.969388","-86.452599","153.0","2022-11-27",,,"0.37",,
"US1KYWR0034","BOWLING GREEN 0.7 WSW, KY US","36.969388","-86.452599","153.0","2022-11-28",,,"0.07","0.0",
"US1KYWR0034","BOWLING GREEN 0.7 WSW, KY US","36.969388","-86.452599","153.0","2022-11-29",,,"0.00",,
"US1KYWR0034","BOWLING GREEN 0.7 WSW, KY US","36.969388","-86.452599","153.0","2022-11-30",,,"1.20",,
"US1KYWR0034","BOWLING GREEN 0.7 WSW, KY US","36.969388","-86.452599","153.0","2022-12-01",,,"0.00","0.0",
"US1KYWR0034","BOWLING GREEN 0.7 WSW, KY US","36.969388","-86.452599","153.0","2022-12-02",,,"0.00","0.0",
"US1KYWR0034","BOWLING GREEN 0.7 WSW, KY US","36.969388","-86.452599","153.0","2022-12-03",,,"0.24",,
"US1KYWR0034","BOWLING GREEN 0.7 WSW, KY US","36.969388","-86.452599","153.0","2022-12-04",,,"0.00","0.0",
"US1KYWR0034","BOWLING GREEN 0.7 WSW, KY US","36.969388","-86.452599","153.0","2022-12-05",,,"0.00","0.0",
"US1KYWR0034","BOWLING GREEN 0.7 WSW, KY US","36.969388","-86.452599","153.0","2022-12-06",,,"0.14",,
"US1KYWR0034","BOWLING GREEN 0.7 WSW, KY US","36.969388","-86.452599","153.0","2022-12-07",,,"0.84",,
"US1KYWR0034","BOWLING GREEN 0.7 WSW, KY US","36.969388","-86.452599","153.0","2022-12-08",,,"0.29",,
"US1KYWR0034","BOWLING GREEN 0.7 WSW, KY US","36.969388","-86.452599","153.0","2022-12-09",,,"0.29",,
"US1KYWR0034","BOWLING GREEN 0.7 WSW, KY US","36.969388","-86.452599","153.0","2022-12-10",,,"0.02",,
"US1KYWR0034","BOWLING GREEN 0.7 WSW, KY US","36.969388","-86.452599","153.0","2022-12-11",,,"0.07",,
"US1KYWR0034","BOWLING GREEN 0.7 WSW, KY US","36.969388","-86.452599","153.0","2022-12-12",,,"0.00",,
"US1KYWR0034","BOWLING GREEN 0.7 WSW, KY US","36.969388","-86.452599","153.0","2022-12-13",,,"0.00","0.0",
"US1KYWR0034","BOWLING GREEN 0.7 WSW, KY US","36.969388","-86.452599","153.0","2022-12-14",,,"0.43",,
"US1KYWR0034","BOWLING GREEN 0.7 WSW, KY US","36.969388","-86.452599","153.0","2022-12-15",,,"0.80",,
"US1KYWR0034","BOWLING GREEN 0.7 WSW, KY US","36.969388","-86.452599","153.0","2022-12-16",,,"0.00","0.0",
"US1KYWR0034","BOWLING GREEN 0.7 WSW, KY US","36.969388","-86.452599","153.0","2022-12-17",,,"0.00","0.0",
"US1KYWR0034","BOWLING GREEN 0.7 WSW, KY US","36.969388","-86.452599","153.0","2022-12-18",,,"0.00","0.0",
"US1KYWR0034","BOWLING GREEN 0.7 WSW, KY US","36.969388","-86.452599","153.0","2022-12-19",,,"0.00","0.0",
"US1KYWR0034","BOWLING GREEN 0.7 WSW, KY US","36.969388","-86.452599","153.0","2022-12-20",,,"0.00","0.0",
"US1KYWR0034","BOWLING GREEN 0.7 WSW, KY US","36.969388","-86.452599","153.0","2022-12-21",,,"0.00","0.0",
"US1KYWR0034","BOWLING GREEN 0.7 WSW, KY US","36.969388","-86.452599","153.0","2022-12-22",,,"0.00","0.0",
"US1KYWR0034","BOWLING GREEN 0.7 WSW, KY US","36.969388","-86.452599","153.0","2022-12-23",,,"0.27","1.5","1.5"
"US1KYWR0034","BOWLING GREEN 0.7 WSW, KY US","36.969388","-86.452599","153.0","2022-12-24",,,"0.00","0.0",
"US1KYWR0034","BOWLING GREEN 0.7 WSW, KY US","36.969388","-86.452599","153.0","2022-12-25",,,"0.00","0.0",
"US1KYWR0034","BOWLING GREEN 0.7 WSW, KY US","36.969388","-86.452599","153.0","2022-12-26",,,"0.00","0.0",
"US1KYWR0034","BOWLING GREEN 0.7 WSW, KY US","36.969388","-86.452599","153.0","2022-12-27",,,"0.06","0.7","2.2"
"US1KYWR0034","BOWLING GREEN 0.7 WSW, KY US","36.969388","-86.452599","153.0","2022-12-28",,,"0.00","0.0","1.0"
"US1KYWR0034","BOWLING GREEN 0.7 WSW, KY US","36.969388","-86.452599","153.0","2022-12-29",,,"0.00","0.0","0.0"
"US1KYWR0034","BOWLING GREEN 0.7 WSW, KY US","36.969388","-86.452599","153.0","2023-01-02","    4","0.52",,,
"US1KYWR0034","BOWLING GREEN 0.7 WSW, KY US","36.969388","-86.452599","153.0","2023-01-03",,,"1.26",,
"US1KYWR0034","BOWLING GREEN 0.7 WSW, KY US","36.969388","-86.452599","153.0","2023-01-04",,,"0.69",,
"US1KYWR0034","BOWLING GREEN 0.7 WSW, KY US","36.969388","-86.452599","153.0","2023-01-05",,,"0.00","0.0",
"US1KYWR0034","BOWLING GREEN 0.7 WSW, KY US","36.969388","-86.452599","153.0","2023-01-06",,,"0.00","0.0",
"US1KYWR0034","BOWLING GREEN 0.7 WSW, KY US","36.969388","-86.452599","153.0","2023-01-07",,,"0.00","0.0",
"US1KYWR0034","BOWLING GREEN 0.7 WSW, KY US","36.969388","-86.452599","153.0","2023-01-08",,,"0.00",,
"US1KYWR0034","BOWLING GREEN 0.7 WSW, KY US","36.969388","-86.452599","153.0","2023-01-09",,,"0.00","0.0",
"US1KYWR0034","BOWLING GREEN 0.7 WSW, KY US","36.969388","-86.452599","153.0","2023-01-10",,,"0.00","0.0",
"US1KYWR0034","BOWLING GREEN 0.7 WSW, KY US","36.969388","-86.452599","153.0","2023-01-11",,,"0.00","0.0",
"US1KYWR0034","BOWLING GREEN 0.7 WSW, KY US","36.969388","-86.452599","153.0","2023-01-12",,,"0.00",,
"US1KYWR0034","BOWLING GREEN 0.7 WSW, KY US","36.969388","-86.452599","153.0","2023-01-13",,,"0.57","0.0","0.0"
"US1KYWR0034","BOWLING GREEN 0.7 WSW, KY US","36.969388","-86.452599","153.0","2023-01-14",,,"0.02","0.0","0.0"
"US1KYWR0034","BOWLING GREEN 0.7 WSW, KY US","36.969388","-86.452599","153.0","2023-01-15",,,"0.00","0.0","0.0"
"US1KYWR0034","BOWLING GREEN 0.7 WSW, KY US","36.969388","-86.452599","153.0","2023-01-16",,,"0.00","0.0",
"US1KYWR0034","BOWLING GREEN 0.7 WSW, KY US","36.969388","-86.452599","153.0","2023-01-17",,,"0.43",,
"US1KYWR0034","BOWLING GREEN 0.7 WSW, KY US","36.969388","-86.452599","153.0","2023-01-18",,,"0.00","0.0",
"US1KYWR0034","BOWLING GREEN 0.7 WSW, KY US","36.969388","-86.452599","153.0","2023-01-19",,,"0.80",,
"US1KYWR0034","BOWLING GREEN 0.7 WSW, KY US","36.969388","-86.452599","153.0","2023-01-20",,,"0.00","0.0",
"US1KYWR0034","BOWLING GREEN 0.7 WSW, KY US","36.969388","-86.452599","153.0","2023-01-21",,,"0.00","0.0",
"US1KYWR0034","BOWLING GREEN 0.7 WSW, KY US","36.969388","-86.452599","153.0","2023-01-22",,,"0.52",,
"US1KYWR0034","BOWLING GREEN 0.7 WSW, KY US","36.969388","-86.452599","153.0","2023-01-23",,,"0.01",,
"US1KYWR0034","BOWLING GREEN 0.7 WSW, KY US","36.969388","-86.452599","153.0","2023-01-24",,,"0.00","0.0",
"US1KYWR0034","BOWLING GREEN 0.7 WSW, KY US","36.969388","-86.452599","153.0","2023-01-25",,,"0.28",,
"US1KYWR0034","BOWLING GREEN 0.7 WSW, KY US","36.969388","-86.452599","153.0","2023-01-26",,,"0.08","0.0","0.0"
"US1KYWR0034","BOWLING GREEN 0.7 WSW, KY US","36.969388","-86.452599","153.0","2023-01-27",,,"0.00","0.0","0.0"
"US1KYWR0034","BOWLING GREEN 0.7 WSW, KY US","36.969388","-86.452599","153.0","2023-01-28",,,"0.00","0.0",
"US1KYWR0034","BOWLING GREEN 0.7 WSW, KY US","36.969388","-86.452599","153.0","2023-01-29",,,"0.64",,
"US1KYWR0034","BOWLING GREEN 0.7 WSW, KY US","36.969388","-86.452599","153.0","2023-01-30",,,"0.01",,
"US1KYWR0034","BOWLING GREEN 0.7 WSW, KY US","36.969388","-86.452599","153.0","2023-01-31",,,"0.19","0.0","0.0"
"US1KYWR0034","BOWLING GREEN 0.7 WSW, KY US","36.969388","-86.452599","153.0","2023-02-01",,,"0.09","0.0","0.0"
"US1KYWR0034","BOWLING GREEN 0.7 WSW, KY US","36.969388","-86.452599","153.0","2023-02-02",,,"0.00","0.0","0.0"
"US1KYWR0034","BOWLING GREEN 0.7 WSW, KY US","36.969388","-86.452599","153.0","2023-02-03",,,"0.00","0.0",
"US1KYWR0034","BOWLING GREEN 0.7 WSW, KY US","36.969388","-86.452599","153.0","2023-02-04",,,"0.00","0.0",
"US1KYWR0034","BOWLING GREEN 0.7 WSW, KY US","36.969388","-86.452599","153.0","2023-02-05",,,"0.00","0.0",
"US1KYWR0034","BOWLING GREEN 0.7 WSW, KY US","36.969388","-86.452599","153.0","2023-02-06",,,"0.00","0.0",
"US1KYWR0034","BOWLING GREEN 0.7 WSW, KY US","36.969388","-86.452599","153.0","2023-02-07",,,"0.00","0.0",
"US1KYWR0034","BOWLING GREEN 0.7 WSW, KY US","36.969388","-86.452599","153.0","2023-02-08",,,"0.00","0.0",
"US1KYWR0034","BOWLING GREEN 0.7 WSW, KY US","36.969388","-86.452599","153.0","2023-02-09",,,"0.22",,
"US1KYWR0034","BOWLING GREEN 0.7 WSW, KY US","36.969388","-86.452599","153.0","2023-02-10",,,"0.00","0.0",
"US1KYWR0034","BOWLING GREEN 0.7 WSW, KY US","36.969388","-86.452599","153.0","2023-02-11",,,"0.00","0.0",
"US1KYWR0034","BOWLING GREEN 0.7 WSW, KY US","36.969388","-86.452599","153.0","2023-02-12",,,"0.00","0.0",
"US1KYWR0034","BOWLING GREEN 0.7 WSW, KY US","36.969388","-86.452599","153.0","2023-02-13",,,"0.00","0.0",
"US1KYWR0034","BOWLING GREEN 0.7 WSW, KY US","36.969388","-86.452599","153.0","2023-02-14",,,"0.00","0.0",
"US1KYWR0034","BOWLING GREEN 0.7 WSW, KY US","36.969388","-86.452599","153.0","2023-02-15",,,"0.05",,
"US1KYWR0034","BOWLING GREEN 0.7 WSW, KY US","36.969388","-86.452599","153.0","2023-02-16",,,"0.88",,
"US1KYWR0034","BOWLING GREEN 0.7 WSW, KY US","36.969388","-86.452599","153.0","2023-02-17",,,"1.01",,
"US1KYWR0034","BOWLING GREEN 0.7 WSW, KY US","36.969388","-86.452599","153.0","2023-02-18",,,"0.00","0.0","0.0"
"US1KYWR0034","BOWLING GREEN 0.7 WSW, KY US","36.969388","-86.452599","153.0","2023-02-19",,,"0.00","0.0",
"US1KYWR0034","BOWLING GREEN 0.7 WSW, KY US","36.969388","-86.452599","153.0","2023-02-20",,,"0.00","0.0",
"US1KYWR0034","BOWLING GREEN 0.7 WSW, KY US","36.969388","-86.452599","153.0","2023-02-21",,,"0.02",,
"US1KYWR0034","BOWLING GREEN 0.7 WSW, KY US","36.969388","-86.452599","153.0","2023-02-22",,,"0.00","0.0",
"US1KYWR0034","BOWLING GREEN 0.7 WSW, KY US","36.969388","-86.452599","153.0","2023-02-23",,,"1.13",,
"US1KYWR0034","BOWLING GREEN 0.7 WSW, KY US","36.969388","-86.452599","153.0","2023-02-24",,,"0.00","0.0",
"US1KYWR0034","BOWLING GREEN 0.7 WSW, KY US","36.969388","-86.452599","153.0","2023-02-25",,,"0.00","0.0",
"US1KYWR0034","BOWLING GREEN 0.7 WSW, KY US","36.969388","-86.452599","153.0","2023-02-26",,,"0.00","0.0",
"US1KYWR0034","BOWLING GREEN 0.7 WSW, KY US","36.969388","-86.452599","153.0","2023-02-27",,,"0.05",,
"US1KYWR0034","BOWLING GREEN 0.7 WSW, KY US","36.969388","-86.452599","153.0","2023-02-28",,,"0.03",,
"US1KYWR0034","BOWLING GREEN 0.7 WSW, KY US","36.969388","-86.452599","153.0","2023-03-01",,,"0.00","0.0",
"US1KYWR0034","BOWLING GREEN 0.7 WSW, KY US","36.969388","-86.452599","153.0","2023-03-02",,,"0.17",,
"US1KYWR0034","BOWLING GREEN 0.7 WSW, KY US","36.969388","-86.452599","153.0","2023-03-03",,,"0.56",,
"US1KYWR0034","BOWLING GREEN 0.7 WSW, KY US","36.969388","-86.452599","153.0","2023-03-04",,,"0.41",,
"US1KYWR0034","BOWLING GREEN 0.7 WSW, KY US","36.969388","-86.452599","153.0","2023-03-11","    7","0.15",,,
"US1KYWR0034","BOWLING GREEN 0.7 WSW, KY US","36.969388","-86.452599","153.0","2023-03-12",,,"0.30",,
"US1KYWR0034","BOWLING GREEN 0.7 WSW, KY US","36.969388","-86.452599","153.0","2023-03-13",,,"0.00","0.0",
"US1KYWR0034","BOWLING GREEN 0.7 WSW, KY US","36.969388","-86.452599","153.0","2023-03-14",,,"0.00","0.0",
"US1KYWR0034","BOWLING GREEN 0.7 WSW, KY US","36.969388","-86.452599","153.0","2023-03-15",,,"0.00","0.0",
"US1KYWR0034","BOWLING GREEN 0.7 WSW, KY US","36.969388","-86.452599","153.0","2023-03-16",,,"0.00","0.0",
"US1KYWR0034","BOWLING GREEN 0.7 WSW, KY US","36.969388","-86.452599","153.0","2023-03-17",,,"0.29",,
"US1KYWR0034","BOWLING GREEN 0.7 WSW, KY US","36.969388","-86.452599","153.0","2023-03-18",,,"0.14",,
"US1KYWR0034","BOWLING GREEN 0.7 WSW, KY US","36.969388","-86.452599","153.0","2023-03-19",,,"0.00","0.0",
"US1KYWR0034","BOWLING GREEN 0.7 WSW, KY US","36.969388","-86.452599","153.0","2023-03-20",,,"0.00","0.0",
"US1KYWR0034","BOWLING GREEN 0.7 WSW, KY US","36.969388","-86.452599","153.0","2023-03-21",,,"0.00","0.0",
"US1KYWR0034","BOWLING GREEN 0.7 WSW, KY US","36.969388","-86.452599","153.0","2023-03-22",,,"0.23",,
"US1KYWR0034","BOWLING GREEN 0.7 WSW, KY US","36.969388","-86.452599","153.0","2023-03-23",,,"0.00",,
"US1KYWR0034","BOWLING GREEN 0.7 WSW, KY US","36.969388","-86.452599","153.0","2023-03-24",,,"0.00","0.0",
"US1KYWR0034","BOWLING GREEN 0.7 WSW, KY US","36.969388","-86.452599","153.0","2023-03-25",,,"1.97",,
"US1KYWR0034","BOWLING GREEN 0.7 WSW, KY US","36.969388","-86.452599","153.0","2023-03-26",,,"0.00","0.0",
"US1KYWR0034","BOWLING GREEN 0.7 WSW, KY US","36.969388","-86.452599","153.0","2023-03-27",,,"0.01","0.0",
"US1KYWR0034","BOWLING GREEN 0.7 WSW, KY US","36.969388","-86.452599","153.0","2023-03-28",,,"0.00","0.0",
"US1KYWR0034","BOWLING GREEN 0.7 WSW, KY US","36.969388","-86.452599","153.0","2023-03-29",,,"0.00","0.0",
"US1KYWR0034","BOWLING GREEN 0.7 WSW, KY US","36.969388","-86.452599","153.0","2023-03-30",,,"0.00","0.0",
"US1KYWR0034","BOWLING GREEN 0.7 WSW, KY US","36.969388","-86.452599","153.0","2023-03-31",,,"0.19",,
"US1KYWR0034","BOWLING GREEN 0.7 WSW, KY US","36.969388","-86.452599","153.0","2023-04-01",,,"1.67",,
"US1KYWR0034","BOWLING GREEN 0.7 WSW, KY US","36.969388","-86.452599","153.0","2023-04-02",,,"0.00","0.0",
"US1KYWR0034","BOWLING GREEN 0.7 WSW, KY US","36.969388","-86.452599","153.0","2023-04-03",,,"0.00","0.0",
"US1KYWR0034","BOWLING GREEN 0.7 WSW, KY US","36.969388","-86.452599","153.0","2023-04-04",,,"0.00","0.0",
"US1KYWR0034","BOWLING GREEN 0.7 WSW, KY US","36.969388","-86.452599","153.0","2023-04-05",,,"0.00","0.0",
"US1KYWR0034","BOWLING GREEN 0.7 WSW, KY US","36.969388","-86.452599","153.0","2023-04-06",,,"0.40",,
"US1KYWR0034","BOWLING GREEN 0.7 WSW, KY US","36.969388","-86.452599","153.0","2023-04-07",,,"0.25",,
"US1KYWR0034","BOWLING GREEN 0.7 WSW, KY US","36.969388","-86.452599","153.0","2023-04-08",,,"0.00","0.0",
"US1KYWR0034","BOWLING GREEN 0.7 WSW, KY US","36.969388","-86.452599","153.0","2023-04-09",,,"0.00","0.0",
"US1KYWR0034","BOWLING GREEN 0.7 WSW, KY US","36.969388","-86.452599","153.0","2023-04-10",,,"0.00","0.0",
"US1KYWR0034","BOWLING GREEN 0.7 WSW, KY US","36.969388","-86.452599","153.0","2023-04-11",,,"0.00","0.0",
"US1KYWR0034","BOWLING GREEN 0.7 WSW, KY US","36.969388","-86.452599","153.0","2023-04-12",,,"0.00","0.0",
"US1KYWR0034","BOWLING GREEN 0.7 WSW, KY US","36.969388","-86.452599","153.0","2023-04-13",,,"0.00","0.0",
"US1KYWR0034","BOWLING GREEN 0.7 WSW, KY US","36.969388","-86.452599","153.0","2023-04-14",,,"0.00","0.0",
"US1KYWR0034","BOWLING GREEN 0.7 WSW, KY US","36.969388","-86.452599","153.0","2023-04-15",,,"0.04",,
"US1KYWR0034","BOWLING GREEN 0.7 WSW, KY US","36.969388","-86.452599","153.0","2023-04-16",,,"0.01",,
"US1KYWR0034","BOWLING GREEN 0.7 WSW, KY US","36.969388","-86.452599","153.0","2023-04-17",,,"0.09",,
"US1KYWR0034","BOWLING GREEN 0.7 WSW, KY US","36.969388","-86.452599","153.0","2023-04-18",,,"0.00","0.0",
"US1KYWR0034","BOWLING GREEN 0.7 WSW, KY US","36.969388","-86.452599","153.0","2023-04-19",,,"0.00","0.0",
"US1KYWR0034","BOWLING GREEN 0.7 WSW, KY US","36.969388","-86.452599","153.0","2023-04-20",,,"0.00","0.0",
"US1KYWR0034","BOWLING GREEN 0.7 WSW, KY US","36.969388","-86.452599","153.0","2023-04-21",,,"0.00","0.0",
"US1KYWR0034","BOWLING GREEN 0.7 WSW, KY US","36.969388","-86.452599","153.0","2023-04-22",,,"0.59",,
"US1KYWR0034","BOWLING GREEN 0.7 WSW, KY US","36.969388","-86.452599","153.0","2023-04-23",,,"0.00","0.0",
"US1KYWR0034","BOWLING GREEN 0.7 WSW, KY US","36.969388","-86.452599","153.0","2023-04-24",,,"0.00","0.0",
"US1KYWR0034","BOWLING GREEN 0.7 WSW, KY US","36.969388","-86.452599","153.0","2023-04-25",,,"0.00","0.0",
"US1KYWR0034","BOWLING GREEN 0.7 WSW, KY US","36.969388","-86.452599","153.0","2023-04-26",,,"0.00","0.0",
"US1KYWR0034","BOWLING GREEN 0.7 WSW, KY US","36.969388","-86.452599","153.0","2023-04-27",,,"0.00","0.0",
"US1KYWR0034","BOWLING GREEN 0.7 WSW, KY US","36.969388","-86.452599","153.0","2023-04-28",,,"0.61",,
"US1KYWR0034","BOWLING GREEN 0.7 WSW, KY US","36.969388","-86.452599","153.0","2023-04-29",,,"0.00",,
"US1KYWR0034","BOWLING GREEN 0.7 WSW, KY US","36.969388","-86.452599","153.0","2023-04-30",,,"0.10",,
"US1KYWR0034","BOWLING GREEN 0.7 WSW, KY US","36.969388","-86.452599","153.0","2023-05-01",,,"0.02",,
"US1KYWR0034","BOWLING GREEN 0.7 WSW, KY US","36.969388","-86.452599","153.0","2023-05-02",,,"0.00","0.0",
"US1KYWR0034","BOWLING GREEN 0.7 WSW, KY US","36.969388","-86.452599","153.0","2023-05-03",,,"0.00","0.0",
"US1KYWR0034","BOWLING GREEN 0.7 WSW, KY US","36.969388","-86.452599","153.0","2023-05-04",,,"0.00","0.0",
"US1KYWR0034","BOWLING GREEN 0.7 WSW, KY US","36.969388","-86.452599","153.0","2023-05-05",,,"0.00","0.0",
"US1KYWR0034","BOWLING GREEN 0.7 WSW, KY US","36.969388","-86.452599","153.0","2023-05-06",,,"0.00",,
"US1KYWR0034","BOWLING GREEN 0.7 WSW, KY US","36.969388","-86.452599","153.0","2023-05-07",,,"0.00",,
"US1KYWR0034","BOWLING GREEN 0.7 WSW, KY US","36.969388","-86.452599","153.0","2023-05-08",,,"2.27",,
"US1KYWR0034","BOWLING GREEN 0.7 WSW, KY US","36.969388","-86.452599","153.0","2023-05-09",,,"0.36",,
"US1KYWR0034","BOWLING GREEN 0.7 WSW, KY US","36.969388","-86.452599","153.0","2023-05-10",,,"0.00","0.0",
"US1KYWR0034","BOWLING GREEN 0.7 WSW, KY US","36.969388","-86.452599","153.0","2023-05-11",,,"0.00","0.0",
"US1KYWR0034","BOWLING GREEN 0.7 WSW, KY US","36.969388","-86.452599","153.0","2023-05-12",,,"0.08",,
"US1KYWR0034","BOWLING GREEN 0.7 WSW, KY US","36.969388","-86.452599","153.0","2023-05-13",,,"0.30",,
"US1KYWR0034","BOWLING GREEN 0.7 WSW, KY US","36.969388","-86.452599","153.0","2023-05-14",,,"0.12",,
"US1KYWR0034","BOWLING GREEN 0.7 WSW, KY US","36.969388","-86.452599","153.0","2023-05-15",,,"0.01",,
"US1KYWR0034","BOWLING GREEN 0.7 WSW, KY US","36.969388","-86.452599","153.0","2023-05-16",,,"0.00","0.0",
"US1KYWR0034","BOWLING GREEN 0.7 WSW, KY US","36.969388","-86.452599","153.0","2023-05-17",,,"0.26",,
"US1KYWR0034","BOWLING GREEN 0.7 WSW, KY US","36.969388","-86.452599","153.0","2023-05-18",,,"0.00","0.0",
"US1KYWR0034","BOWLING GREEN 0.7 WSW, KY US","36.969388","-86.452599","153.0","2023-05-19",,,"0.00","0.0",
"US1KYWR0034","BOWLING GREEN 0.7 WSW, KY US","36.969388","-86.452599","153.0","2023-05-20",,,"0.00","0.0",
"US1KYWR0034","BOWLING GREEN 0.7 WSW, KY US","36.969388","-86.452599","153.0","2023-05-21",,,"0.62",,
"US1KYWR0034","BOWLING GREEN 0.7 WSW, KY US","36.969388","-86.452599","153.0","2023-05-22",,,"0.00","0.0",
"US1KYWR0034","BOWLING GREEN 0.7 WSW, KY US","36.969388","-86.452599","153.0","2023-05-23",,,"0.00","0.0",
"US1KYWR0034","BOWLING GREEN 0.7 WSW, KY US","36.969388","-86.452599","153.0","2023-05-24",,,"0.00","0.0",
"US1KYWR0034","BOWLING GREEN 0.7 WSW, KY US","36.969388","-86.452599","153.0","2023-05-25",,,"0.00","0.0",
"US1KYWR0034","BOWLING GREEN 0.7 WSW, KY US","36.969388","-86.452599","153.0","2023-05-26",,,"0.00","0.0",
"US1KYWR0034","BOWLING GREEN 0.7 WSW, KY US","36.969388","-86.452599","153.0","2023-05-27",,,"0.00","0.0",
"US1KYWR0034","BOWLING GREEN 0.7 WSW, KY US","36.969388","-86.452599","153.0","2023-05-28",,,"0.00","0.0",
"US1KYWR0034","BOWLING GREEN 0.7 WSW, KY US","36.969388","-86.452599","153.0","2023-05-29",,,"0.00","0.0",
"US1KYWR0034","BOWLING GREEN 0.7 WSW, KY US","36.969388","-86.452599","153.0","2023-05-30",,,"0.00","0.0",
"US1KYWR0034","BOWLING GREEN 0.7 WSW, KY US","36.969388","-86.452599","153.0","2023-05-31",,,"0.00","0.0",
"US1KYWR0034","BOWLING GREEN 0.7 WSW, KY US","36.969388","-86.452599","153.0","2023-06-11","   11","0.15",,,
"US1KYWR0034","BOWLING GREEN 0.7 WSW, KY US","36.969388","-86.452599","153.0","2023-06-12",,,"0.68",,
"US1KYWR0034","BOWLING GREEN 0.7 WSW, KY US","36.969388","-86.452599","153.0","2023-06-13",,,"0.00","0.0",
"US1KYWR0034","BOWLING GREEN 0.7 WSW, KY US","36.969388","-86.452599","153.0","2023-06-14",,,"0.00","0.0",
"US1KYWR0034","BOWLING GREEN 0.7 WSW, KY US","36.969388","-86.452599","153.0","2023-06-15",,,"0.00","0.0",
"US1KYWR0034","BOWLING GREEN 0.7 WSW, KY US","36.969388","-86.452599","153.0","2023-06-16",,,"0.00","0.0",
"US1KYWR0034","BOWLING GREEN 0.7 WSW, KY US","36.969388","-86.452599","153.0","2023-06-17",,,"0.00","0.0",
"US1KYWR0034","BOWLING GREEN 0.7 WSW, KY US","36.969388","-86.452599","153.0","2023-06-18",,,"0.00","0.0",
"US1KYWR0034","BOWLING GREEN 0.7 WSW, KY US","36.969388","-86.452599","153.0","2023-06-19",,,"0.13",,
"US1KYWR0034","BOWLING GREEN 0.7 WSW, KY US","36.969388","-86.452599","153.0","2023-06-20",,,"0.29",,
"US1KYWR0034","BOWLING GREEN 0.7 WSW, KY US","36.969388","-86.452599","153.0","2023-06-21",,,"0.11",,
"US1KYWR0034","BOWLING GREEN 0.7 WSW, KY US","36.969388","-86.452599","153.0","2023-06-22",,,"0.17",,
"US1KYWR0034","BOWLING GREEN 0.7 WSW, KY US","36.969388","-86.452599","153.0","2023-06-23",,,"0.00","0.0",
"US1KYWR0034","BOWLING GREEN 0.7 WSW, KY US","36.969388","-86.452599","153.0","2023-06-24",,,"0.00","0.0",
"US1KYWR0034","BOWLING GREEN 0.7 WSW, KY US","36.969388","-86.452599","153.0","2023-06-25",,,"0.00","0.0",
"US1KYWR0034","BOWLING GREEN 0.7 WSW, KY US","36.969388","-86.452599","153.0","2023-06-26",,,"0.18",,
"US1KYWR0034","BOWLING GREEN 0.7 WSW, KY US","36.969388","-86.452599","153.0","2023-06-27",,,"0.00","0.0",
"US1KYWR0034","BOWLING GREEN 0.7 WSW, KY US","36.969388","-86.452599","153.0","2023-06-28",,,"0.00","0.0",
"US1KYWR0034","BOWLING GREEN 0.7 WSW, KY US","36.969388","-86.452599","153.0","2023-06-29",,,"0.00","0.0",
"US1KYWR0034","BOWLING GREEN 0.7 WSW, KY US","36.969388","-86.452599","153.0","2023-06-30",,,"1.15",,
"US1KYWR0034","BOWLING GREEN 0.7 WSW, KY US","36.969388","-86.452599","153.0","2023-07-01",,,"0.03",,
"US1KYWR0034","BOWLING GREEN 0.7 WSW, KY US","36.969388","-86.452599","153.0","2023-07-02",,,"0.12",,
"US1KYWR0034","BOWLING GREEN 0.7 WSW, KY US","36.969388","-86.452599","153.0","2023-07-03",,,"1.66",,
"US1KYWR0034","BOWLING GREEN 0.7 WSW, KY US","36.969388","-86.452599","153.0","2023-07-04",,,"0.00","0.0",
"US1KYWR0034","BOWLING GREEN 0.7 WSW, KY US","36.969388","-86.452599","153.0","2023-07-05",,,"0.00","0.0",
"US1KYWR0034","BOWLING GREEN 0.7 WSW, KY US","36.969388","-86.452599","153.0","2023-07-06",,,"0.03",,
"US1KYWR0034","BOWLING GREEN 0.7 WSW, KY US","36.969388","-86.452599","153.0","2023-07-07",,,"0.00","0.0",
"US1KYWR0034","BOWLING GREEN 0.7 WSW, KY US","36.969388","-86.452599","153.0","2023-07-08",,,"0.00","0.0",
"US1KYWR0034","BOWLING GREEN 0.7 WSW, KY US","36.969388","-86.452599","153.0","2023-07-09",,,"0.86",,
"US1KYWR0034","BOWLING GREEN 0.7 WSW, KY US","36.969388","-86.452599","153.0","2023-07-10",,,"0.10",,
"US1KYWR0034","BOWLING GREEN 0.7 WSW, KY US","36.969388","-86.452599","153.0","2023-07-11",,,"0.00","0.0",
"US1KYWR0034","BOWLING GREEN 0.7 WSW, KY US","36.969388","-86.452599","153.0","2023-07-12",,,"0.00","0.0",
"US1KYWR0034","BOWLING GREEN 0.7 WSW, KY US","36.969388","-86.452599","153.0","2023-07-13",,,"0.00","0.0",
"US1KYWR0034","BOWLING GREEN 0.7 WSW, KY US","36.969388","-86.452599","153.0","2023-07-14",,,"0.00","0.0",
